submission_id,field,coder_A,coder_B,notes_a,notes_b,adjudicated
1o0xmzb,discipline,Gastroenterology,Neoplasms,Post is about GI symptoms (bleeding) and explicitly asks about the possibility of colon cancer.,Cancer is a concern being investigated; no diagnosis of cancer is described.,
1o5aef6,discipline,Genitourinary and reproductive health,Neoplasms,"Breast lump query. Ruled out cancer as likely, but is asking specifically about possibilities that aren't cancer, making it cancer_relevant per instructions.","Cancer is explicitly the concern being ruled out, although the poster asks for non-cancer alternatives.",
1o6yb47,discipline,Gastroenterology,Pulmonology,Doctor suspects aerophagia.,Breathing symptoms and question about cystic fibrosis.,
1o6z33b,discipline,Genitourinary and reproductive health,Dermatology,Rash/infection explicitly in private area.,Rash/infection in genital area is the reason for the ED visit.,
1o9ugze,discipline,Gastroenterology,Neoplasms,Rectal polyps. Not marked cancer_relevant as polyps are benign unless stated otherwise.,Rectal polyp is the primary subject; no malignancy is diagnosed or explicitly suspected in the post.,
1obcxbm,discipline,Infectious diseases,Genitourinary and reproductive health,Safety/efficacy of expired antibiotics.,,
1obvrpe,discipline,Gastroenterology,Medical; other,Caustic ingestion of oven cleaner.,Acute caustic ingestion/poison exposure does not fit the substantive organ-system categories cleanly.,
1odfcq9,discipline,Neurology,Medical; other,Classic description of vasovagal syncope.,Recurrent vasovagal-type symptoms around blood draws/vaccination/injury.,
1oe94y6,discipline,Medical; other,Musculoskeletal and connective tissue conditions,General update post with no specific ongoing condition to categorize.,,
1og27i2,discipline,Infectious diseases,Pulmonology,Asking how a viral infection (Covid) impacts surgical clearance.,COVID infection and its effect on timing of planned surgery; respiratory infection is primary.,
1oi4wfq,discipline,"Endocrinology, nutrition, and metabolism",Genitourinary and reproductive health,,"Amenorrhea is the primary issue, with exercise/energy availability as context.",
1oj85kp,discipline,Neurology,Neoplasms,,Benign temporal-lobe tumor is the named primary condition; seizure risk is the reason for neurologic treatment.,
1om5kx9,discipline,Neoplasms,Infectious diseases,,The current illness is viral; cancer history is lymphoma in remission.,
1onxlc6,discipline,Nonmedical,Cardiovascular,Primary question is about etiquette with the doctor.,,
1ooh7hf,discipline,Infectious diseases,Pulmonology,,,
1oq5amd,discipline,Hematology and immunology,Neoplasms,"Question asks about a lymph node being cancerous, but primary anatomical focus is lymphatic.",Persistent lymph-node concern is explicitly framed around possible cancer; no diagnosis.,
1ox8d20,discipline,Neurology,Otolaryngology,"Leaned Neurology (tic), but Otolaryngology (sniffing) is a strong alternate.",,
1oxltsu,discipline,Medical; other,Gastroenterology,General procedural/anatomical question without a specific underlying complaint.,,
1p24m0s,discipline,Hematology and immunology,Otolaryngology,,Recurrent food-triggered nasal symptoms; primary concern is allergic/rhinitis-type nasal symptoms.,
1p6c3vp,discipline,Pulmonology,Medical; other,,The post asks about an isolated venous blood-gas result rather than a specific organ-system diagnosis.,
1pgu050,discipline,Medical; other,Infectious diseases,Toxicology/ingestion concern.,,
1pn3w3k,discipline,Gastroenterology,Infectious diseases,"Leaned Gastroenterology for food poisoning, but Infectious diseases is a strong alternate.",,
1prodkj,discipline,Pulmonology,Gastroenterology,,Chest gurgling/air bubbles in context of bulimia; likely GI/esophageal concern.,
1ptgvxt,discipline,"Endocrinology, nutrition, and metabolism",Genitourinary and reproductive health,,"The central medical issue is prolonged amenorrhea, with low weight/energy availability as context.",
1puyuyg,discipline,Gastroenterology,Medical; other,Concern is specifically about acetaminophen hepatotoxicity.,Acetaminophen dosing error/possible toxicity.,
1pvw4i7,discipline,Genitourinary and reproductive health,Neoplasms,Ovarian mass being evaluated; cancer is an implicit possibility under investigation.,Imaging explicitly describes an ovarian cystic neoplasm as benign or malignant; no diagnosis yet.,
1pwe7rz,discipline,Otolaryngology,Hematology and immunology,,Persistent lymph-node/gland enlargement is the primary concern; no malignancy is actually stated.,
1q0vpyb,discipline,Medical; other,Pulmonology,Systemic toxicology (carbon monoxide) despite the pregnancy context.,"Carbon monoxide inhalation exposure, with pregnancy as an important context.",
1q2ef69,discipline,Medical; other,Neurology,Non-specific fatigue without a clear focal system.,Long-standing abnormal sleepiness/circadian pattern.,
1q2pbrw,discipline,Nonmedical,Medical; other,Question focuses strictly on ER legal/release protocols.,Question concerns post-ED discharge/driving after morphine.,
1q3a38o,discipline,Psychiatry and mental health,Hematology and immunology,Craving non-food items (Pica) is primarily a psychiatric diagnosis.,Low ferritin with pica after blood donation.,
1q7pppk,discipline,Psychiatry and mental health,Neurology,Circadian rhythm/sleep schedule issue.,Primary issue is an abnormal sleep/wake schedule/circadian rhythm.,
1qb84ey,discipline,Musculoskeletal and connective tissue conditions,Medical; other,,Question is about nicotine alternatives around spinal-fusion surgery; perioperative substance-use issue.,
1qd0rvh,discipline,Nonmedical,Gastroenterology,"Focus is on patient portal communication delays, not the MRI results themselves.",Abnormal liver tests and possible liver biopsy; primary organ system is hepatobiliary/GI.,
1qd8yov,discipline,Gastroenterology,Dermatology,"Leaned Gastroenterology (proctology), but Dermatology is a strong alternate.",Perianal wound with irritation and pus.,
1qe7d1t,discipline,Medical; other,Gastroenterology,,Persistent abnormal fecal odor is the primary symptom.,
1qg7qrn,discipline,Gastroenterology,Dentistry,,"Antibiotic-associated diarrhea occurs in the context of an infected wisdom tooth, but the question is about diarrhea.",
1qgtdg8,discipline,Gastroenterology,Infectious diseases,,,
1qival9,discipline,Medical; other,Cardiovascular,"Caffeine pain could be GI or cardiac, but not enough detail to call.",,
1qpi70l,discipline,Nonmedical,Dermatology,Question strictly asks for advice on how to communicate with the doctor.,,
1qr6t2d,discipline,Psychiatry and mental health,Medical; other,Patient suspects Munchausen by proxy/being drugged intentionally.,Concern is possible poisoning/medical abuse by a caregiver; no specific organ system is the primary subject.,
